software eng,Des,Full TIME,Junior,IT,Lahore,google
software eng,Des,Full TIME,Junior,IT,Lahore,google
software eng,Des,Full TIME,Junior,IT,Lahore,google
software eng,Des,Full TIME,Junior,IT,Lahore,google
software eng,Des,Full TIME,Junior,IT,Lahore,google
software eng,Des,Full TIME,Junior,IT,Lahore,google
software eng,Des,Full TIME,Junior,Marketing,Lahore,google
software eng,Des,Full TIME,Junior,Marketing,Karachi,google
software eng,Des,Full TIME,Junior,Marketing,Karachi,google
software eng,Des,Full TIME,Mid Level,Marketing,Karachi,google
SQA,Des,Full TIME,Mid Level,Marketing,Karachi,google
SQA,Des,Full TIME,Mid Level,Marketing,Karachi,IBM
SQA,Des,Full TIME,Mid Level,Marketing,Karachi,IBM
SQA,Des,Full TIME,Mid Level,Marketing,Islamabad,IBM
SQA,Des,Full TIME,Senior,Marketing,Islamabad,IBM
Manager,Des,Full TIME,Senior,HR,Islamabad,IBM
Manager,Des,Full TIME,Senior,HR,Islamabad,IBM
Manager,Des,Full TIME,Senior,HR,Islamabad,IBM
Manager,Des,Full TIME,Senior,HR,Islamabad,IBM
Manager,Des,Full TIME,Senior,HR,Islamabad,IBM
